{"cameraMode":{"drawMode":0,"name":"Shaded","section":"Shading Mode"},"sceneLighting":true,"audioPlay":false,"sceneViewState":{"m_AlwaysRefresh":false,"showFog":true,"showSkybox":true,"showFlares":true,"showImageEffects":true,"showParticleSystems":true,"showVisualEffectGraphs":true,"m_FxEnabled":true},"in2DMode":false,"pivot":{"x":-2.641399621963501,"y":0.7541807293891907,"z":1.8480331897735596},"rotation":{"x":-0.09402342885732651,"y":0.8984973430633545,"z":-0.23595279455184937,"w":-0.3580367863178253},"size":12.943647384643555,"orthographic":false}